"Tau","Fidelity","Params"
"5","0.9999999583222141","{'Delta0': np.float64(-181.74728986679133), 'delta0': np.float64(1463.4671746104254), 'Omega0': np.float64(513.5276241242257), 'tau': np.float64(5.0), 'V': 157.07963267948966, 'gamma': 0.0, 'Omega_MW': 3141.592653589793}"
"5","0.9489432220828858","{'Delta0': np.float64(-1570.7671773590184), 'delta0': np.float64(71.2198506075024), 'Omega0': np.float64(323.89724702822815), 'tau': np.float64(5.0), 'V': 157.07963267948966, 'gamma': 0.041, 'Omega_MW': 3141.592653589793}"
"5","0.8606931950266625","{'Delta0': np.float64(-1570.7730459790444), 'delta0': np.float64(70.5746419826736), 'Omega0': np.float64(317.41221027696724), 'tau': np.float64(5.0), 'V': 157.07963267948966, 'gamma': 0.128, 'Omega_MW': 3141.592653589793}"